{"final_test_loss": 0.37679323554039, "folds_test_loss": 0.3727910620601554, "train_loss": [[0.3773558985661058, 0.3773927877054495, 0.377493094784372, 0.3772743731737137, 0.3773708410999354, 0.37734406494042455, 0.377303745553774, 0.3773982674759977, 0.3773553858785068, 0.3775652480476043, 0.3773102665648741, 0.37737657226183835, 0.37744804129881016, 0.37738575304255767, 0.37734588498578353, 0.377617348029333, 0.3773411635966862, 0.3774699424996096, 0.37737998287467395, 0.3773614483721116, 0.37747462365557166, 0.3774426596129642, 0.37729860763339435, 0.37761680746779724, 0.3772907776867642, 0.3772652518223314, 0.3774805246030583, 0.3775079931406414, 0.3772382336504319, 0.3773863440050798, 0.37744661376756783, 0.37754906626308665, 0.37736143890549156, 0.37757378325742835, 0.37730288382838756, 0.3773421337499338, 0.37732043765923556, 0.37732640013975255, 0.3772597240174518, 0.37744105440728803, 0.37743947891628044, 0.37735036041806724, 0.3773525973453241, 0.3772979505798396, 0.3774923175573349, 0.3773144484442823, 0.3773460551219828, 0.37730120753540713, 0.37735322240520924, 0.37741881170693564, 0.3773235048441326, 0.3773652948000852, 0.3774002803599133, 0.37760999193962885, 0.3774992041728076, 0.3774188931373989, 0.37736757730736453, 0.37754513165530035, 0.37738786190748214, 0.3774002730846405, 0.3774539149859372, 0.37740695853443706, 0.377413191251895, 0.377445171510472, 0.37724732432295294, 0.3773828097126063, 0.377558918121983, 0.37716903940719715, 0.3773442836368785, 0.3774309374830302, 0.37731746847138686, 0.3774651814909542, 0.3774687910781187, 0.3772724597769625, 0.3773597250966465, 0.3774403593995992, 0.3777052009806913, 0.3774489102994694, 0.37735691771787755, 0.3773367172654937, 0.3774189624716254, 0.3773766666650772, 0.37737944415386987, 0.37736995807465384, 0.3773582201670198, 0.37739257111268887, 0.37738730933736353, 0.3773380232207915, 0.3773475871366613, 0.3775457319091348, 0.3772016369244632, 0.37737925850293214, 0.37744399326689104, 0.37732832975247327, 0.37745151221752166, 0.3773467421531677, 0.37739004904732987, 0.3773526298649171, 0.3774343580007553, 0.37734795554595835], [0.6729210949995938, 0.6730177746099584, 0.673196940036381, 0.6728568066568935, 0.6730339895276463, 0.6729551530936185, 0.672910128621494, 0.6730429279453615, 0.6729863268487594, 0.6732979073243983, 0.6728964672369115, 0.6730207494076561, 0.6731415738077725, 0.6730403239236159, 0.6729411368860918, 0.673381978799315, 0.6729589819908142, 0.6731421815998414, 0.673004612326622, 0.6730061420622994, 0.6731964719646117, 0.673126270665842, 0.6728853297584197, 0.6733520672601812, 0.672909140586853, 0.6728272800936418, 0.6732083385481554, 0.6732082710546605, 0.6727527046904844, 0.6730185368481805, 0.6731405822669758, 0.6732866048812867, 0.6730098985573825, 0.673331871102838, 0.672838890377213, 0.6729642159798566, 0.6729249288054073, 0.6729366220095578, 0.672848806661718, 0.6731336295604706, 0.6731182263177984, 0.6730116551413255, 0.6729979914777419, 0.6728467308423098, 0.6732176663244471, 0.6729194595533259, 0.6729905924376319, 0.6728694032220279, 0.6730012742912068, 0.6730961517376058, 0.6729657588636174, 0.6729992486098233, 0.673080915387939, 0.6733785671346327, 0.6732174010837779, 0.6730608926099889, 0.6729992514147478, 0.6732725928811466, 0.6730532805709278, 0.67305347691564, 0.6730989794520771, 0.673063656337121, 0.6730667638428071, 0.6731503216659321, 0.6728234406779794, 0.6730452299118042, 0.6733175377635395, 0.6726539892308853, 0.6729707551353118, 0.6730684590690276, 0.6728969959651723, 0.6731459330109989, 0.6731623866978813, 0.6728750477818882, 0.6729941880001741, 0.6731294959783554, 0.6735267367433099, 0.6731525021440843, 0.6729750997879926, 0.6729863093179815, 0.6730944309164496, 0.6730186241514543, 0.6730195190976648, 0.6730188045431585, 0.6729917813749874, 0.6730184581349877, 0.6729929222780116, 0.6729227728703443, 0.6729824848034802, 0.6732897849643932, 0.672748694875661, 0.6730290894999224, 0.6731315519879846, 0.6729529216009028, 0.6731418995296254, 0.6729481931994943, 0.6730578419040231, 0.672949433502029, 0.6730983658748515, 0.6729447129894706], [0.08179070180391564, 0.08176780112964266, 0.08178925003637286, 0.08169193787171561, 0.08170769225586863, 0.08173297536285484, 0.08169736327493891, 0.08175360641497023, 0.08172444468911956, 0.0818325883763678, 0.08172406444654745, 0.08173239314380815, 0.08175450828583801, 0.08173118155887898, 0.08175063471802894, 0.08185271776336081, 0.0817233446328079, 0.08179770519628245, 0.08175535289680257, 0.08171675586525132, 0.0817527762888109, 0.08175904660978738, 0.08171188456608969, 0.0818815480260288, 0.08167241483050235, 0.08170322366058827, 0.08175270986907622, 0.08180771546767038, 0.08172376366222606, 0.08175415094284451, 0.08175264662679504, 0.0818115296170992, 0.08171297793879229, 0.08181569591602858, 0.0817668774548699, 0.08172005244037685, 0.08171594526399584, 0.08171617882874083, 0.08167063965297797, 0.08174847969237496, 0.08176073125180076, 0.08168906777658884, 0.0817072025993291, 0.08174916911212837, 0.08176696885596303, 0.08170943777350818, 0.08170151831034352, 0.08173300965743906, 0.0817051712423563, 0.08174147244323703, 0.08168125139439807, 0.08173134114374132, 0.08171964535380111, 0.08184141545173, 0.08178100673591389, 0.08177689482622287, 0.08173590265214443, 0.08181766952004503, 0.08172244278385359, 0.08174707004252602, 0.0818088504650137, 0.08175025886910803, 0.0817596185952425, 0.08174002291086842, 0.08167120772687828, 0.08172039091587066, 0.08180029830511878, 0.0816840900656055, 0.08171781273010899, 0.08179341651061002, 0.08173793968470658, 0.0817844302557847, 0.08177519615958719, 0.08166987280197004, 0.08172526164528202, 0.0817512223168331, 0.08188366364030276, 0.08174532060237492, 0.0817387366996092, 0.08168712465421242, 0.08174349502386416, 0.0817347097046235, 0.08173936864032465, 0.08172111272373621, 0.08172465936445138, 0.08176668455057284, 0.08178169648436939, 0.08175327238791129, 0.08171269131057403, 0.08180167843752048, 0.08165457797620226, 0.0817294279442114, 0.0817564348306726, 0.08170373884632307, 0.08176112313042669, 0.08174529005499447, 0.08172225638785784, 0.08175582863828715, 0.08177034811061971, 0.08175119698485907]]}