{"losses": [0.40713438452052664, 0.13360374590862534, 0.10128429343800809, 0.08290537389547331, 0.07475721670874655, 0.0704210746938041, 0.06530818717280176, 0.06140365105654512, 0.059766815407380366, 0.059659981083418766], "accuracies": [0.7645311389481166, 0.9429415422885572, 0.9587275675195451, 0.9689165778251599, 0.972681236673774, 0.9749966684434968, 0.9771122068230277, 0.9786058546552949, 0.9803160536602701, 0.9800828447050463]}