{"final_test_loss": 0.00031589483842253685, "folds_test_loss": 0.00031418412243270586, "train_loss": [[0.0058186334625923266, 0.0008395658634192001, 0.00046516690966903827, 0.00039072200283010044, 0.00037447161429434274, 0.00037096270943948184, 0.0003477917712103281, 0.00033596893989045574, 0.0003255876132620955, 0.00031929331141825214], [0.006429946363772066, 0.0005616586217396582, 0.00015801856439999406, 0.00012141357557590349, 0.00010779152658303572, 9.767712146172789e-05, 8.892849040365654e-05, 8.095890619666482e-05, 7.464542067655545e-05, 7.039486451465152e-05], [0.005207320523351093, 0.0011174731062399005, 0.0007723152553670894, 0.0006600304303438466, 0.0006411517027478318, 0.0006442482976778576, 0.000606655051942996, 0.0005909789735150693, 0.0005765298052073427, 0.0005681917586082149]]}