{"final_test_loss": 0.0002737674512900412, "folds_test_loss": 0.0002717621983840286, "train_loss": [[0.019632564170710538, 0.000853276991448475, 0.0004875510572365217, 0.00040704276593800696, 0.00036659091450208097, 0.00033405272095581685, 0.00031062380947950485, 0.00029862451509750755, 0.0002917673335036423, 0.00028720759152902074, 0.0002838258760160863, 0.00028161728779144504, 0.0002795916972625594, 0.00027810671159420725, 0.0002767074785690468, 0.0002755716140594779, 0.00027466432976445574, 0.0002738682446503827, 0.00027293478224923746, 0.0002720117755021454], [0.015677266390240512, 0.00040934529720889604, 0.00020865658118638303, 0.00015385750707279822, 0.00012087690923284033, 0.00010088758269058365, 8.688357688869182e-05, 7.714442401956544e-05, 7.096213342926071e-05, 6.707809085741726e-05, 6.456718773560135e-05, 6.286821939442714e-05, 6.159342736782062e-05, 6.055124545492566e-05, 5.9652569009229854e-05, 5.888369322509068e-05, 5.819128228188434e-05, 5.759684332043383e-05, 5.708687903395329e-05, 5.668683324029618e-05], [0.0235878620390755, 0.0012972086866318692, 0.0007664455340760332, 0.0006602280244685902, 0.0006123049190377197, 0.000567217859961087, 0.0005343640424607142, 0.000520104605970599, 0.000512572534390992, 0.0005073370923711545, 0.0005030845645105385, 0.0005003663566142523, 0.0004975899677927648, 0.0004956621773227147, 0.0004937623877234522, 0.0004922595348515008, 0.0004911373775339255, 0.0004901396452006115, 0.0004887826852661059, 0.00048733671833618264]]}