{"losses": [0.2941810600539006, 0.22945709809311418, 0.22634289279453026, 0.2317781122699221, 0.22974368818660282, 0.2303600899382695, 0.22216276621132264, 0.2271143294839081, 0.22279561693067235, 0.22268675741896446], "accuracies": [0.8639170220326936, 0.888564987562189, 0.890741604477612, 0.8934790334044066, 0.8934346126510305, 0.8935456645344706, 0.8968883262260128, 0.8957056236673774, 0.898676261549396, 0.8989538912579957]}