{"losses": [0.3693889617633972, 0.1055635600360726, 0.07840530465501966, 0.06735560772563222, 0.060727919509479485, 0.05491700812951842, 0.05256408053849425, 0.050908397656799886, 0.04478803089162561, 0.042593492973429056], "accuracies": [0.7910392235252309, 0.9533026830135038, 0.9655406005685857, 0.9721537402274343, 0.9757962420042644, 0.978389303482587, 0.9790278518123667, 0.98051039445629, 0.9819762793176973, 0.9831201137171286]}