{"losses": [0.449837138006555, 0.1331165685757264, 0.09933962999408179, 0.08392780749941431, 0.07616638319928255, 0.07420516342147072, 0.06854158512819042, 0.06724511133804759, 0.06323956592536684, 0.061749903949847355], "accuracies": [0.7309268390191898, 0.9424529140014215, 0.9624533582089553, 0.9694718372423596, 0.9747912224591329, 0.9751243781094527, 0.978422619047619, 0.9781894100923951, 0.9809879175550817, 0.9815320717839375]}